Species,Genus,Family,Order,Group,BioProject,Size(Mb),GC%,Type,Replicons,CDS
Abelia chinensis,Abelia,Caprifoliaceae,Dipsacales,Angiosperms,PRJNA579669,0.157225,38.3762,chloroplast,NC_045043.1/MN384463.1,79
Abeliophyllum distichum,Abeliophyllum,Oleaceae,Lamiales,Angiosperms,PRJNA348078,0.155982,37.8185,chloroplast,NC_031445.1/KT274029.1,87
Abelmoschus esculentus,Abelmoschus,Malvaceae,Malvales,Angiosperms,PRJNA394355,0.163121,36.7365,chloroplast,NC_035234.1/KY635876.1,87
Abies alba,Abies,Pinaceae,Pinales,Gymnosperms,PRJNA546344,0.121243,38.267,chloroplast,NC_042410.1/MH706724.1,74
Abrus precatorius,Abrus,Fabaceae,Fabales,Angiosperms,PRJNA628333,0.1565,35.4032,plastid,NC_047402.1/MN709888.1,83
Acanthus ilicifolius,Acanthus,Acanthaceae,Lamiales,Angiosperms,PRJNA717465,0.150758,38.4072,chloroplast,NC_054308.1/MW174172.1,84
Acer amplum,Acer,Sapindaceae,Sapindales,Angiosperms,PRJNA665900,0.156225,37.9005,chloroplast,NC_050668.1/MN315268.1,84
Achatocarpus nigricans,Achatocarpus,Achatocarpaceae,Caryophyllales,Angiosperms,PRJNA524611,0.131863,35.367,plastid,NC_040946.1/MK397908.1,78
Achimenes cettoana,Achimenes,Gesneriaceae,Lamiales,Angiosperms,PRJNA672396,0.153011,38.2005,chloroplast,NC_050917.1/MT627324.1,85
Achlys triphylla,Achlys,Berberidaceae,Ranunculales,Angiosperms,PRJNA479276,0.156237,38.528,chloroplast,NC_037726.1/MG461315.1,81
Achnatherum splendens,Achnatherum,Poaceae,Poales,Angiosperms,PRJNA684162,0.136876,38.8892,chloroplast,NC_051964.1/MK704435.1,84
Achyrachaena mollis,Achyrachaena,Asteraceae,Asterales,Angiosperms,PRJNA422819,0.150468,37.5714,chloroplast,NC_036504.1/MF663009.1,83
Achyranthes aspera,Achyranthes,Amaranthaceae,Caryophyllales,Angiosperms,PRJNA650463,0.151486,36.4667,chloroplast,NC_050063.1/MN953051.1,82
Acioa guianensis,Acioa,Chrysobalanaceae,Malpighiales,Angiosperms,PRJNA328859,0.162329,36.2012,chloroplast,NC_030534.1/KX158870.1,83
Acleisanthes obtusa,Acleisanthes,Nyctaginaceae,Caryophyllales,Angiosperms,PRJNA532023,0.154004,36.0075,chloroplast,NC_041416.1/MH286321.1,86
Acnistus arborescens,Acnistus,Solanaceae,Solanales,Angiosperms,PRJNA321890,0.156898,37.6773,chloroplast,NC_030185.1/KU568472.1,84
Aconitum angustius,Aconitum,Ranunculaceae,Ranunculales,Angiosperms,PRJNA420551,0.156109,38.0497,chloroplast,NC_036357.1/MF155664.1,82
Acorus americanus,Acorus,Acoraceae,Acorales,Angiosperms,PRJNA27981,0.153819,38.5934,chloroplast,NC_010093.1/EU273602.1,84
Acrocomia aculeata,Acrocomia,Arecaceae,Arecales,Angiosperms,PRJNA438329,0.155829,37.5335,chloroplast,NC_037084.1/MG020488.1,86
Acrostichum speciosum,Acrostichum,Pteridaceae,Polypodiales,Pteridophytes,PRJNA707785,0.156095,38.4445,chloroplast,NC_053768.1/MT026711.1,72
Actinidia arguta,Actinidia,Actinidiaceae,Ericales,Angiosperms,PRJNA388997,0.156484,37.2319,chloroplast,NC_034913.1/KY100978.1,84
Actinodaphne lancifolia,Actinodaphne,Lauraceae,Laurales,Angiosperms,PRJNA594682,0.152728,39.1159,chloroplast,NC_045251.1/MG581436.1,81
Adenia mannii,Adenia,Passifloraceae,Malpighiales,Angiosperms,PRJNA553910,0.165364,36.6023,chloroplast,NC_043791.1/MK651116.1,83
Adenocalymma acutissimum,Adenocalymma,Bignoniaceae,Lamiales,Angiosperms,PRJNA453267,0.159752,38.3657,chloroplast,NC_037455.1/MG831840.1,86
Adenophora divaricata,Adenophora,Campanulaceae,Asterales,Angiosperms,PRJNA417098,0.176331,38.4674,chloroplast,NC_036221.1/KX462129.1,81
Adinandra angustifolia,Adinandra,Pentaphylacaceae,Ericales,Angiosperms,PRJNA400434,0.156344,37.4245,plastid,NC_035653.1/MF179491.1,87
Adoxa moschatellina,Adoxa,Adoxaceae,Dipsacales,Angiosperms,PRJNA387783,0.157238,37.786,chloroplast,NC_034792.1/KX258652.1,81
Aegiceras corniculatum,Aegiceras,Primulaceae,Ericales,Angiosperms,PRJNA579638,0.157241,36.8657,chloroplast,NC_045111.1/MN167882.1,87
Aeonium arboreum,Aeonium,Crassulaceae,Saxifragales,Angiosperms,PRJNA707790,0.150986,37.7929,chloroplast,NC_053947.1/MW206792.1,84
Aethionema arabicum,Aethionema,Brassicaceae,Brassicales,Angiosperms,PRJNA383510,0.154234,36.61,chloroplast,NC_034367.1/KX886357.1,83
Agapanthus coddii,Agapanthus,Amaryllidaceae,Asparagales,Angiosperms,PRJNA413243,0.157055,37.4576,chloroplast,NC_035971.1/KX790363.1,86
Agastache rugosa,Agastache,Lamiaceae,Lamiales,Angiosperms,PRJNA707770,0.151922,37.9168,chloroplast,NC_053706.1/MT980793.1,88
Agathis dammara,Agathis,Araucariaceae,Pinales,Gymnosperms,PRJNA232235,0.145625,36.5363,chloroplast,NC_023119.1/AB830884.1,81
Agave americana,Agave,Asparagaceae,Asparagales,Angiosperms,PRJNA356554,0.157274,37.8416,chloroplast,NC_032053.1/KX519714.1,83
Aglaia odorata,Aglaia,Meliaceae,Sapindales,Angiosperms,PRJNA642623,0.160978,37.5244,chloroplast,NC_048994.1/MN106246.1,84
Agrimonia pilosa,Agrimonia,Rosaceae,Rosales,Angiosperms,PRJNA650433,0.155188,36.9139,chloroplast,NC_050051.1/MT040192.1,84
Agrostemma githago,Agrostemma,Caryophyllaceae,Caryophyllales,Angiosperms,PRJNA236272,0.151733,36.3988,chloroplast,NC_023357.1/KF527884.1,81
Ailanthus altissimus,Ailanthus,Simaroubaceae,Sapindales,Angiosperms,PRJNA479166,0.160815,37.642,chloroplast,NC_037696.1/MG799542.1,88
Akania lucens,Akania,Akaniaceae,Brassicales,Angiosperms,PRJNA643045,0.158188,37.0654,chloroplast,NC_049582.1/MK637656.1,86
Akebia longeracemosa,Akebia,Lardizabalaceae,Ranunculales,Angiosperms,PRJNA707833,0.15802,38.6603,chloroplast,NC_053626.1/MW009065.1,85
Alangium chinense,Alangium,Cornaceae,Cornales,Angiosperms,PRJNA573350,0.156656,37.6883,chloroplast,NC_044840.1/MN380701.1,85
Aldrovanda vesiculosa,Aldrovanda,Droseraceae,Caryophyllales,Angiosperms,PRJNA394436,0.141568,36.8699,chloroplast,NC_035416.1/KY679200.1,81
Aletris fauriei,Aletris,Nartheciaceae,Dioscoreales,Angiosperms,PRJNA362416,0.15444,37.5019,chloroplast,NC_033412.1/KT898912.1,84
Alisma plantago-aquatica,Alisma,Alismataceae,Alismatales,Angiosperms,PRJNA557984,0.167642,35.6605,chloroplast,NC_044108.1/MK090659.1,88
Allomaieta villosa,Allomaieta,Melastomataceae,Myrtales,Angiosperms,PRJNA353464,0.156452,36.9116,chloroplast,NC_031875.1/KX826819.1,85
Allosyncarpia ternata,Allosyncarpia,Myrtaceae,Myrtales,Angiosperms,PRJNA221327,0.159593,36.8218,chloroplast,NC_022413.1/KC180806.1,85
Allotropa virgata,Allotropa,Ericaceae,Ericales,Angiosperms,PRJNA400025,0.035983,33.0851,plastid,NC_035580.1/MF120261.1,23
Alniphyllum eberhardtii,Alniphyllum,Styracaceae,Ericales,Angiosperms,PRJNA353492,0.155384,37.101,plastid,NC_031892.1/KX765434.1,89
Alnus alnobetula subsp. maximowiczii,Alnus,Betulaceae,Fagales,Angiosperms,PRJNA430622,0.160586,36.4054,chloroplast,NC_036754.1/MF136512.1,85
Aloe maculata,Aloe,Asphodelaceae,Asparagales,Angiosperms,PRJNA399887,0.153175,37.6217,chloroplast,NC_035505.1/KX377523.1,85
Aloysia citrodora,Aloysia,Verbenaceae,Lamiales,Angiosperms,PRJNA387981,0.154699,39.1948,plastid,NC_034695.1/,87
Alpinia chinensis,Alpinia,Zingiberaceae,Zingiberales,Angiosperms,PRJNA657584,0.16359,36.3959,chloroplast,NC_050165.1/MT239402.1,91
Alsophila costularis,Alsophila,Cyatheaceae,Cyatheales,Pteridophytes,PRJNA557958,0.156675,40.4564,chloroplast,NC_044080.1/MH684489.1,89
Alstroemeria hybrid cultivar,Alstroemeria,Alstroemeriaceae,Liliales,Angiosperms,PRJNA532036,0.155672,38.0492,chloroplast,NC_041554.1/MK327552.1,84
Altingia chinensis,Altingia,Altingiaceae,Saxifragales,Angiosperms,PRJNA628250,0.160401,37.9493,chloroplast,NC_047288.1/MT193687.1,86
Amana anhuiensis,Amana,Liliaceae,Liliales,Angiosperms,PRJNA387908,0.150723,36.7389,chloroplast,NC_034706.1/KY401423.1,83
Amblystegium serpens,Amblystegium,Amblystegiaceae,Undeter_peristomate_moss,Bryophytes,PRJNA642551,0.124619,28.864,chloroplast,NC_049069.1/MT354751.1,82
Amborella trichopoda,Amborella,Amborellaceae,Amborellales,Angiosperms,PRJNA238126,0.162686,38.337,chloroplast,Pltd:NC_005086.1/,84
Amentotaxus argotaenia,Amentotaxus,Taxaceae,Pinales,Gymnosperms,PRJNA290761,0.136657,35.8511,chloroplast,NC_027581.1/KR780582.1,83
Amorphophallus konjac,Amorphophallus,Araceae,Alismatales,Angiosperms,PRJNA624386,0.161647,36.4009,chloroplast,NC_046702.1/MK611803.1,86
Ampelopsis humulifolia,Ampelopsis,Vitaceae,Vitales,Angiosperms,PRJNA541732,0.161724,37.334,chloroplast,NC_042236.1/MK547542.1,88
Ampelopteris prolifera,Ampelopteris,Thelypteridaceae,Polypodiales-Eupolypod,II,PRJNA407183,0.151772,42.4347,chloroplast,NC_035835.1/KY427329.1,88
Ampelosycios humblotii,Ampelosycios,Cucurbitaceae,Cucurbitales,Angiosperms,PRJNA624513,0.158242,36.8132,chloroplast,NC_046869.1/MN542396.1,84
Anacardium occidentale,Anacardium,Anacardiaceae,Sapindales,Angiosperms,PRJNA394439,0.172199,38.1152,chloroplast,NC_035235.1/KY635877.1,84
Ananas comosus,Ananas,Bromeliaceae,Poales,Angiosperms,PRJNA371634,0.159636,37.3731,chloroplast,Pltd:NC_026220.1/,86
Anathallis obovata,Anathallis,Orchidaceae,Asparagales,Angiosperms,PRJNA555906,0.155515,37.0524,chloroplast,NC_043905.1/MH979332.1,87
Ancistrocladus tectorius,Ancistrocladus,Ancistrocladaceae,Caryophyllales,Angiosperms,PRJNA528052,0.160183,36.2847,plastid,NC_041258.1/MK397853.1,85
Androcymbium greuterocymbium,Androcymbium,Colchicaceae,Liliales,Angiosperms,PRJNA642469,0.154804,37.616,plastid,NC_049014.1/MT261148.1,84
Anethum graveolens,Anethum,Apiaceae,Apiales,Angiosperms,PRJNA313536,0.153356,37.6523,chloroplast,NC_029470.1/KR011055.1,84
Aneura mirabilis,Aneura,Aneuraceae,Undetermined_liverwort_order,Bryophytes,PRJNA28869,0.108007,40.6233,chloroplast,NC_010359.1/EU043314.1,62
Angiopteris angustifolia,Angiopteris,Marattiaceae,Marattiales,Pteridophytes,PRJNA274082,0.153596,35.4599,plastid,NC_026300.1/KP099647.1,88
Anigozanthos flavidus,Anigozanthos,Haemodoraceae,Commelinales,Angiosperms,PRJNA509815,0.137426,34.1777,chloroplast,NC_040160.1/MH588512.1,79
Annona cherimola,Annona,Annonaceae,Magnoliales,Angiosperms,PRJNA321881,0.201723,39.5542,plastid,NC_030166.1/KU563738.1,114
Anredera cordifolia,Anredera,Basellaceae,Caryophyllales,Angiosperms,PRJNA529145,0.156681,36.8417,plastid,NC_041274.1/MK397854.1,85
Anthoceros agrestis Oxford,Anthoceros,Anthocerotaceae,Undetermined_hornwort_order,Bryophytes,PRJNA642533,0.16079,32.3223,chloroplast,NC_049002.1/MN544311.1,90
Antiaris toxicaria,Antiaris,Moraceae,Rosales,Angiosperms,PRJNA550763,0.161412,35.8685,chloroplast,NC_042884.1/MH606237.1,84
Antirhea chinensis,Antirhea,Rubiaceae,Gentianales,Angiosperms,PRJNA557949,0.155616,37.5662,chloroplast,NC_044102.1/MK102723.1,80
Aphananthe aspera,Aphananthe,Cannabaceae,Rosales,Angiosperms,PRJNA504087,0.157687,36.3898,chloroplast,NC_039726.1/MH118117.1,84
Aphyllon californicum,Aphyllon,Orobanchaceae,Lamiales,Angiosperms,PRJNA267327,0.12084,36.6907,chloroplast,NC_025651.1/HG515539.2,45
Apocynum venetum,Apocynum,Apocynaceae,Gentianales,Angiosperms,PRJNA707778,0.156596,38.1472,chloroplast,NC_053902.1/MT365042.1,85
Aponogeton abyssinicus,Aponogeton,Aponogetonaceae,Alismatales,Angiosperms,PRJNA707977,0.154562,36.9192,chloroplast,NC_053910.1/MN266476.1,85
Apterosperma oblata,Apterosperma,Theaceae,Ericales,Angiosperms,PRJNA400393,0.15659,37.3204,plastid,NC_035641.1/KY406751.1,87
Aquilaria beccariana,Aquilaria,Thymelaeaceae,Malvales,Angiosperms,PRJNA700188,0.174831,36.7069,chloroplast,NC_052855.1/MN125347.1,89
Arachnitis uniflora,Arachnitis,Corsiaceae,Liliales,Angiosperms,PRJNA642630,0.024846,37.0965,plastid,NC_049015.1/MT261149.1,14
Aralia continentalis,Aralia,Araliaceae,Apiales,Angiosperms,PRJNA532133,0.155999,38.1496,chloroplast,NC_041648.1/MG914654.1,88
Aristolochia contorta,Aristolochia,Aristolochiaceae,Piperales,Angiosperms,PRJNA415439,0.160576,38.2685,chloroplast,NC_036152.1/MF539927.1,85
Arnebia euchroma,Arnebia,Boraginaceae,Boraginales,Angiosperms,PRJNA707781,0.15025,37.6106,chloroplast,NC_053782.1/MT975393.1,86
Aspidopterys obcordata,Aspidopterys,Malpighiaceae,Malpighiales,Angiosperms,PRJNA648218,0.160453,36.6257,chloroplast,NC_049898.1/MT590775.1,83
Asplenium nidus,Asplenium,Aspleniaceae,Eupolypod,II,PRJNA579601,0.156173,40.8509,chloroplast,NC_045119.1/MK002975.1,88
Astelia australiana,Astelia,Asteliaceae,Asparagales,Angiosperms,PRJNA608408,0.157942,37.736,chloroplast,NC_045865.1/MN839533.1,86
Asteropeia rhopaloides,Asteropeia,Asteropeiaceae,Caryophyllales,Angiosperms,PRJNA524566,0.141773,36.1853,plastid,NC_040948.1/MK397914.1,77
Astilboides tabularis,Astilboides,Saxifragaceae,Saxifragales,Angiosperms,PRJNA684275,0.157147,37.6826,chloroplast,NC_051893.1/MT316511.1,86
Athyrium anisopterum,Athyrium,Athyriaceae,Eupolypod,II,PRJNA400922,0.151284,43.9842,chloroplast,NC_035738.1/KY419703.1,87
Averrhoa carambola,Averrhoa,Oxalidaceae,Oxalidales,Angiosperms,PRJNA362380,0.155965,36.5383,chloroplast,NC_033350.1/KX364202.1,83
Azara serrata,Azara,Salicaceae,Malpighiales,Angiosperms,PRJNA532004,0.158306,36.5236,chloroplast,NC_041433.1/MH719101.1,84
Bacopa monnieri,Bacopa,Plantaginaceae,Lamiales,Angiosperms,PRJNA628487,0.152495,37.5691,chloroplast,NC_047469.1/MN736955.1,87
Balanocarpus heimii,Balanocarpus,Dipterocarpaceae,Malvales,Angiosperms,PRJNA527588,0.151191,37.4176,chloroplast,NC_041191.1/MH746730.1,84
Balanops balansae,Balanops,Balanopaceae,Malpighiales,Angiosperms,PRJNA684171,0.16093,37.2609,plastid,NC_052006.1/MN504796.1,83
Barbeuia madagascariensis,Barbeuia,Barbeuiaceae,Caryophyllales,Angiosperms,PRJNA529135,0.126006,36.8784,plastid,NC_041301.1/MK397915.1,76
Barbeya oleoides,Barbeya,Barbeyaceae,Rosales,Angiosperms,PRJNA524597,0.163827,35.4606,chloroplast,NC_040984.1/MG880221.1,84
Barclaya kunstleri,Barclaya,Nymphaeaceae,Nymphaeales,Angiosperms,PRJNA479103,0.160051,39.1394,chloroplast,NC_037718.1/KY392762.1,84
Barringtonia fusicarpa,Barringtonia,Lecythidaceae,Ericales,Angiosperms,PRJNA400938,0.158927,36.8572,plastid,NC_035701.1/MF179485.1,87
Bartramia pomiformis,Bartramia,Bartramiaceae,Undeter_peristomate_moss,Bryophytes,PRJNA650438,0.125886,29.2789,chloroplast,NC_050047.1/MT024676.1,82
Baxteria australis,Baxteria,Dasypogonaceae,Arecales,Angiosperms,PRJNA319102,0.158858,37.1697,plastid,NC_029970.1/KT312938.1,86
Bazzania praerupta,Bazzania,Lepidoziaceae,Undetermined_liverwort_order,Bryophytes,PRJNA553921,0.120158,35.4641,chloroplast,NC_043785.1/MH064512.1,84
Begonia guangxiensis,Begonia,Begoniaceae,Cucurbitales,Angiosperms,PRJNA615611,0.157634,35.8863,plastid,NC_046385.1/MN480848.1,84
Berberidopsis corallina,Berberidopsis,Berberidopsidaceae,Berberidopsidales,Angiosperms,PRJNA529127,0.158794,38.2691,plastid,NC_041275.1/MK397857.1,85
Berchemia berchemiifolia,Berchemia,Rhamnaceae,Rosales,Angiosperms,PRJNA453298,0.16041,37.1822,chloroplast,NC_037477.1/MG739656.1,82
Bixa orellana,Bixa,Bixaceae,Malvales,Angiosperms,PRJNA532208,0.159708,36.4152,chloroplast,"Chloroplast DNA, complete genome:NC_041550.1/MH025909.1",84
Boehmeria spicata,Boehmeria,Urticaceae,Rosales,Angiosperms,PRJNA435282,0.170958,35.3192,chloroplast,NC_036989.1/MF990290.1,99
Bonnetia paniculata,Bonnetia,Bonnetiaceae,Malpighiales,Angiosperms,PRJNA642548,0.156782,36.1968,plastid,NC_049112.1/MK995182.1,84
Bontia daphnoides,Bontia,Scrophulariaceae,Lamiales,Angiosperms,PRJNA672462,0.153946,37.7158,plastid,NC_050952.1/MN044637.1,88
Boswellia sacra,Boswellia,Burseraceae,Sapindales,Angiosperms,PRJNA313684,0.160543,37.6142,chloroplast,NC_029420.1/KT934315.1,93
Botrychium lunaria,Botrychium,Ophioglossaceae,Ophioglossales,Pteridophytes,PRJNA636430,0.138558,44.3576,chloroplast,NC_048457.1/MN966674.1,83
Bowenia serrulata,Bowenia,Zamiaceae,Cycadales,Gymnosperms,PRJNA272063,0.165695,39.8558,chloroplast,NC_026036.1/JX402774.1,87
Brandisia swinglei,Brandisia,Paulowniaceae,Lamiales,Angiosperms,PRJNA550824,0.155344,38.0658,chloroplast,NC_042954.1/MK381315.1,87
Brasenia schreberi,Brasenia,Cabombaceae,Nymphaeales,Angiosperms,PRJNA348036,0.158957,39.0458,chloroplast,NC_031343.2/KT705316.2,89
Burmannia championii,Burmannia,Burmanniaceae,Dioscoreales,Angiosperms,PRJNA430652,0.085868,35.6244,chloroplast,NC_036663.1/KT734621.1,35
Butomus umbellatus,Butomus,Butomaceae,Alismatales,Angiosperms,PRJNA684173,0.158107,36.7707,chloroplast,NC_051949.1/MN484598.1,84
Buxbaumia aphylla,Buxbaumia,Buxbaumiaceae,Undeter_peristomate_moss,Bryophytes,PRJNA609463,0.123907,29.2816,chloroplast,NC_046056.1/MN496310.1,84
Buxus microphylla,Buxus,Buxaceae,Buxales,Angiosperms,PRJNA19939,0.15901,38.068,chloroplast,NC_009599.1/EF380351.1,86
Cadellia pentastylis,Cadellia,Surianaceae,Fabales,Angiosperms,PRJNA628350,0.157963,36.6535,plastid,NC_047334.1/MN709816.1,83
Caiophora cirsiifolia,Caiophora,Loasaceae,Cornales,Angiosperms,PRJNA573341,0.15805,37.9336,chloroplast,NC_044797.1/MN380643.1,85
Calandrinia eremaea,Calandrinia,Portulacaceae,Caryophyllales,Angiosperms,PRJNA528047,0.154489,36.8848,plastid,NC_041259.1/MK397859.1,82
Calliergonella cuspidata,Calliergonella,Hypnaceae,Undeter_peristomate_moss,Bryophytes,PRJNA642455,0.124637,29.0468,chloroplast,NC_049070.1/MT354752.1,82
Calligonum aphyllum,Calligonum,Polygonaceae,Caryophyllales,Angiosperms,PRJNA642539,0.161251,37.5452,chloroplast,NC_049137.1/MN202595.1,86
Callitris rhomboidea,Callitris,Cupressaceae,Pinales,Gymnosperms,PRJNA389095,0.121117,34.7102,chloroplast,NC_034940.1/LC177555.1,81
Calycanthus chinensis,Calycanthus,Calycanthaceae,Laurales,Angiosperms,PRJNA453212,0.153596,39.2719,chloroplast,NC_037504.1/MG561304.1,84
Calypogeia fissa,Calypogeia,Calypogeiaceae,Undeter_peristomate_moss,Bryophytes,PRJNA553908,0.1205,35.2813,chloroplast,NC_043787.1/MH064514.1,83
Campynema lineare,Campynema,Campynemataceae,Liliales,Angiosperms,PRJNA280310,0.156261,36.9222,chloroplast,NC_026785.1/KP462881.1,84
Capparis decidua,Capparis,Capparaceae,Brassicales,Angiosperms,PRJNA703214,0.157573,35.9656,chloroplast,NC_053386.1/MT948186.1,87
Carex neurocarpa,Carex,Cyperaceae,Poales,Angiosperms,PRJNA414810,0.181397,33.8743,chloroplast,NC_036037.1/KU238086.1,81
Carica papaya,Carica,Caricaceae,Brassicales,Angiosperms,PRJNA264084,0.1601,36.8907,chloroplast,Pltd:NC_010323.1/,84
Carludovica palmata,Carludovica,Cyclanthaceae,Pandanales,Angiosperms,PRJNA280295,0.158545,37.7445,chloroplast,NC_026786.1/KP462882.1,86
Carnegiea gigantea,Carnegiea,Cactaceae,Caryophyllales,Angiosperms,PRJNA290764,0.113064,36.6783,chloroplast,NC_027618.1/KT164771.1,67
Carpenteria californica,Carpenteria,Hydrangeaceae,Cornales,Angiosperms,PRJNA573386,0.157459,37.8117,chloroplast,NC_044835.1/MN380687.1,85
Carpodetus serratus,Carpodetus,Rousseaceae,Asterales,Angiosperms,PRJNA414806,0.162105,38.2055,plastid,NC_036084.1/MF770619.1,89
Carya cathayensis,Carya,Juglandaceae,Fagales,Angiosperms,PRJNA615483,0.160666,36.19,chloroplast,NC_046572.1/MK414769.1,83
Casimiroa edulis,Casimiroa,Rutaceae,Sapindales,Angiosperms,PRJNA624578,0.160176,38.2373,chloroplast,NC_046844.1/MN539263.1,86
Castanea crenata,Castanea,Fagaceae,Fagales,Angiosperms,PRJNA717609,0.160805,36.7538,chloroplast,NC_054203.1/MW044605.1,83
Casuarina glauca,Casuarina,Casuarinaceae,Fagales,Angiosperms,PRJNA550900,0.155669,36.3669,chloroplast,NC_042681.1/MH824417.1,84
Caylusea hexagyna,Caylusea,Resedaceae,Brassicales,Angiosperms,PRJNA703185,0.15439,36.5063,chloroplast,NC_053387.1/MT948187.1,87
Cephalotus follicularis,Cephalotus,Cephalotaceae,Oxalidales,Angiosperms,PRJNA548736,0.142706,37.1463,plastid,NC_042597.1/MK460223.1,71
Ceratophyllum demersum,Ceratophyllum,Ceratophyllaceae,Ceratophyllales,Angiosperms,PRJNA27793,0.156252,38.2222,chloroplast,NC_009962.1/EF614270.1,85
Ceratostigma willmottianum,Ceratostigma,Plumbaginaceae,Caryophyllales,Angiosperms,PRJNA528071,0.164999,37.5117,plastid,NC_041261.1/MK397862.1,82
Cercidiphyllum japonicum,Cercidiphyllum,Cercidiphyllaceae,Saxifragales,Angiosperms,PRJNA479303,0.159854,37.9184,chloroplast,NC_037940.1/MG605672.1,84
Chaetachme aristata,Chaetachme,Ulmaceae,Rosales,Angiosperms,PRJNA504086,0.157939,36.0595,chloroplast,NC_039728.1/MH118120.1,83
Chamaenerion angustifolium,Chamaenerion,Onagraceae,Myrtales,Angiosperms,PRJNA700200,0.161182,38.1122,chloroplast,NC_052848.1/MN481508.1,85
Champereia manillana,Champereia,Opiliaceae,Santalales,Angiosperms,PRJNA389055,0.147461,37.4133,plastid,NC_034931.1/KY436366.1,73
Cheilolejeunea xanthocarpa,Cheilolejeunea,Lejeuneaceae,Undetermined_liverwort_order,Bryophytes,PRJNA553902,0.117138,30.5289,chloroplast,NC_043777.1/MH064504.1,81
Chelidonium majus,Chelidonium,Papaveraceae,Ranunculales,Angiosperms,PRJNA624571,0.159734,38.7394,chloroplast,NC_046829.1/MN518846.1,85
Chloranthus erectus,Chloranthus,Chloranthaceae,Chloranthales,Angiosperms,PRJNA496136,0.157852,38.8826,chloroplast,NC_039627.1/MH394411.1,85
Chrysophyllum cainito,Chrysophyllum,Sapotaceae,Ericales,Angiosperms,PRJNA707874,0.158841,36.7991,chloroplast,NC_053850.1/MT435527.1,84
Chunia bucklandioides,Chunia,Hamamelidaceae,Saxifragales,Angiosperms,PRJNA527567,0.159814,38.058,chloroplast,NC_041163.1/MG644608.1,84
Cibotium barometz,Cibotium,Cibotiaceae,Cyatheales,Pteridophytes,PRJNA479152,0.166027,41.6547,chloroplast,NC_037893.1/MH105066.1,87
Circaeaster agrestis,Circaeaster,Circaeasteraceae,Ranunculales,Angiosperms,PRJNA407138,0.151033,38.1566,chloroplast,NC_035872.1/KY908400.1,85
Cleomella lutea,Cleomella,Cleomaceae,Brassicales,Angiosperms,PRJNA643135,0.154124,36.4752,chloroplast,NC_049613.1/MK637687.1,84
Clethra delavayi,Clethra,Clethraceae,Ericales,Angiosperms,PRJNA527601,0.157253,37.3678,chloroplast,NC_041129.1/MG719833.1,84
Climacium dendroides,Climacium,Climaciaceae,Undeter_peristomate_moss,Bryophytes,PRJNA684301,0.124957,28.9684,chloroplast,NC_051864.1/MT006132.1,82
Comastoma pulmonarium,Comastoma,Gentianaceae,Gentianales,Angiosperms,PRJNA665879,0.151174,38.2751,chloroplast,NC_050654.1/MT228723.1,85
Combretum indicum,Combretum,Combretaceae,Myrtales,Angiosperms,PRJNA703189,0.159425,37.1918,chloroplast,NC_053324.1/MT700490.1,81
Convolvulus arvensis,Convolvulus,Convolvulaceae,Solanales,Angiosperms,PRJNA717529,0.153234,37.7377,chloroplast,NC_054224.1/MW054627.1,74
Corynocarpus laevigatus,Corynocarpus,Corynocarpaceae,Cucurbitales,Angiosperms,PRJNA61327,0.159202,36.5573,chloroplast,NC_014807.1/HQ207704.1,83
Cratoxylum cochinchinense,Cratoxylum,Hypericaceae,Malpighiales,Angiosperms,PRJNA642520,0.157076,36.2111,plastid,NC_049110.1/MK995180.1,83
Crocus cartwrightianus,Crocus,Iridaceae,Asparagales,Angiosperms,PRJNA532165,0.150819,37.5065,chloroplast,NC_041459.1/MH542231.1,86
Croomia heterosepala,Croomia,Stemonaceae,Pandanales,Angiosperms,PRJNA504121,0.154407,38.2651,chloroplast,NC_039673.1/MH191379.1,87
Croton tiglium,Croton,Euphorbiaceae,Malpighiales,Angiosperms,PRJNA509823,0.150021,35.4084,chloroplast,NC_040113.1/MH394334.1,78
Ctenolophon englerianus,Ctenolophon,Ctenolophonaceae,Malpighiales,Angiosperms,PRJNA642558,0.161553,36.029,chloroplast,NC_049158.1/MN313429.1,82
Cuphea hyssopifolia,Cuphea,Lythraceae,Myrtales,Angiosperms,PRJNA615556,0.158821,36.975,chloroplast,NC_046574.1/MN833211.1,85
Curculigo orchioides,Curculigo,Hypoxidaceae,Asparagales,Angiosperms,PRJNA708079,0.157472,37.4428,chloroplast,NC_053892.1/MW079480.1,86
Curtisia dentata,Curtisia,Curtisiaceae,Cornales,Angiosperms,PRJNA573346,0.158554,37.7127,chloroplast,NC_044846.1/MN380708.1,85
Cycas panzhihuaensis,Cycas,Cycadaceae,Cycadales,Gymnosperms,PRJNA348082,0.16247,39.3888,chloroplast,NC_031413.1/KX713899.1,109
Cyrtomium devexiscapulae,Cyrtomium,Dryopteridaceae,Polypodiales-Eupolypod,I,PRJNA304848,0.151684,42.3308,chloroplast,NC_028542.1/KT599100.1,89
Cystopteris chinensis,Cystopteris,Cystopteridaceae,Polypodiales-Eupolypod,II,PRJNA407168,0.151269,42.913,chloroplast,NC_035843.1/KY427337.1,88
Cytinus hypocistis,Cytinus,Cytinaceae,Malvales,Angiosperms,PRJNA344275,0.0194,29.8866,chloroplast,NC_031150.1/KT335971.1,15
Dacrycarpus imbricatus,Dacrycarpus,Podocarpaceae,Pinales,Gymnosperms,PRJNA389054,0.133811,37.2316,chloroplast,NC_034942.1/LC177621.1,82
Daphniphyllum oldhamii,Daphniphyllum,Daphniphyllaceae,Saxifragales,Angiosperms,PRJNA479328,0.160137,37.8944,chloroplast,NC_037883.1/MH191390.1,88
Davallia solida var. fejeensis,Davallia,Davalliaceae,Polypodiales-Eupolypod,I,PRJNA573232,0.152479,41.2332,chloroplast,NC_044688.1/MK705750.1,89
Dendrolycopodium obscurum,Dendrolycopodium,Lycopodiaceae,Lycopodiales,Pteridophytes,PRJNA524589,0.160877,34.9913,plastid,NC_040923.1/MH549637.1,88
Dendrophthoe pentandra,Dendrophthoe,Loranthaceae,Santalales,Angiosperms,PRJNA579623,0.115721,36.9708,chloroplast,NC_045107.1/MN175255.1,67
Dendrotrophe varians,Dendrotrophe,Santalaceae,Santalales,Angiosperms,PRJNA495566,0.140666,37.8307,chloroplast,NC_039391.1/MF592987.1,72
Dillenia indica,Dillenia,Dilleniaceae,Dilleniales,Angiosperms,PRJNA550924,0.159266,36.6174,chloroplast,NC_042740.1/MH708162.1,83
Dioncophyllum thollonii,Dioncophyllum,Dioncophyllaceae,Caryophyllales,Angiosperms,PRJNA529160,0.14296,35.4239,plastid,NC_041276.1/MK397866.1,81
Dioscorea abyssinica,Dioscorea,Dioscoreaceae,Dioscoreales,Angiosperms,PRJNA504111,0.152552,37.0759,chloroplast,NC_039834.1/MG805602.1,84
Diospyros blancoi,Diospyros,Ebenaceae,Ericales,Angiosperms,PRJNA368859,0.157745,37.3831,chloroplast,NC_033502.1/KX426216.1,85
Dipentodon sinicus,Dipentodon,Dipentodontaceae,Huerteales,Angiosperms,PRJNA642418,0.15802,37.4579,chloroplast,NC_049157.1/MN275517.1,87
Diplaziopsis cavaleriana,Diplaziopsis,Diplaziopsidaceae,Eupolypod,II,PRJNA407156,0.151934,43.1016,chloroplast,NC_035847.1/KY427341.1,87
Diplophyllum taxifolium,Diplophyllum,Scapaniaceae,Undetermined_liverwort_order,Bryophytes,PRJNA717629,0.118309,33.8098,chloroplast,MT948954.1,86
Diplopterygium glaucum,Diplopterygium,Gleicheniaceae,Gleicheniales,Pteridophytes,PRJNA248851,0.151007,40.1637,chloroplast,NC_024158.1/KF225594.1,40
Drimys granadensis,Drimys,Winteraceae,Canellales,Angiosperms,PRJNA17935,0.160604,38.7911,chloroplast,NC_008456.1/DQ887676.1,85
Drosophyllum lusitanicum,Drosophyllum,Drosophyllaceae,Caryophyllales,Angiosperms,PRJNA524607,0.123305,35.932,plastid,NC_040939.1/MK397933.1,70
Drynaria acuminata,Drynaria,Polypodiaceae,Polypodiales-Eupolypod,I,PRJNA717411,0.151591,40.792,chloroplast,NC_054156.1/MW042681.1,82
Drypetes chevalieri,Drypetes,Putranjivaceae,Malpighiales,Angiosperms,PRJNA684239,0.11972,35.1069,plastid,NC_051999.1/MN504788.1,75
Dumortiera hirsuta,Dumortiera,Marchantiaceae,Undetermined_liverwort_order,Bryophytes,PRJNA496162,0.12205,28.6956,chloroplast,NC_039590.1/MH355546.1,89
Elaeagnus angustifolia,Elaeagnus,Elaeagnaceae,Rosales,Angiosperms,PRJNA524554,0.150546,36.9495,chloroplast,NC_040992.1/MK131395.1,86
Elaeocarpus braceanus,Elaeocarpus,Elaeocarpaceae,Oxalidales,Angiosperms,PRJNA717606,0.158225,37.0662,chloroplast,NC_054266.1/MT593043.1,88
Elodea canadensis,Elodea,Hydrocharitaceae,Alismatales,Angiosperms,PRJNA174475,0.1567,36.9962,chloroplast,NC_018541.1/JQ310743.1,85
Ephedra equisetina,Ephedra,Ephedraceae,Gnetales,Gymnosperms,PRJNA33793,0.109518,36.636,chloroplast,NC_011954.1/AP010819.1,72
Epirixanthes elongata,Epirixanthes,Polygalaceae,Fabales,Angiosperms,PRJNA609503,0.036275,46.1723,chloroplast,NC_046013.1/MG783393.1,19
Equisetum arvense,Equisetum,Equisetaceae,Equisetales,Pteridophytes,PRJNA60343,0.133309,33.3616,chloroplast,NC_014699.1/GU191334.1,84
Eriocaulon buergerianum,Eriocaulon,Eriocaulaceae,Poales,Angiosperms,PRJNA541628,0.151434,35.7469,chloroplast,NC_042211.1/MK193813.1,88
Erodium absinthoides,Erodium,Geraniaceae,Geraniales,Angiosperms,PRJNA281917,0.162618,43.2923,chloroplast,NC_026847.1/KJ523886.1,79
Erythropalum scandens,Erythropalum,Olacaceae,Santalales,Angiosperms,PRJNA430610,0.156154,37.9939,chloroplast,NC_036759.1/MG661263.1,86
Erythroxylum novogranatense,Erythroxylum,Erythroxylaceae,Malpighiales,Angiosperms,PRJNA328641,0.163937,35.8863,chloroplast,NC_030601.1/KX256287.1,85
Eucommia ulmoides,Eucommia,Eucommiaceae,Garryales,Angiosperms,PRJNA479231,0.163586,38.3138,chloroplast,NC_037948.1/MF766010.1,89
Euonymus hamiltonianus,Euonymus,Celastraceae,Celastrales,Angiosperms,PRJNA453363,0.15736,37.2515,chloroplast,NC_037518.1/KY926695.1,86
Euptelea pleiosperma,Euptelea,Eupteleaceae,Ranunculales,Angiosperms,PRJNA313690,0.161834,38.6285,chloroplast,NC_029429.1/KU204900.1,85
Euscaphis japonica,Euscaphis,Staphyleaceae,Crossosomatales,Angiosperms,PRJNA700244,0.160606,37.3342,chloroplast,NC_052922.1/MT702885.1,84
Fissidens nobilis,Fissidens,Fissidentaceae,Undeter_peristomate_moss,Bryophytes,PRJNA557919,0.124962,29.2033,chloroplast,NC_044155.1/MK876184.1,82
Flueggea virosa,Flueggea,Phyllanthaceae,Malpighiales,Angiosperms,PRJNA680145,0.154961,36.9286,chloroplast,NC_051502.1/MT424755.1,80
Francoa sonchifolia,Francoa,Greyiaceae,Geraniales,Angiosperms,PRJNA198662,0.157312,37.6367,plastid,NC_021101.1/JQ809470.1,81
Frankenia laevis,Frankenia,Frankeniaceae,Caryophyllales,Angiosperms,PRJNA529159,0.154889,37.2505,plastid,NC_041277.1/MK397868.1,87
Frullania nodulosa,Frullania,Jubulaceae,Undetermined_liverwort_order,Bryophytes,PRJNA553951,0.119809,31.9024,chloroplast,NC_043783.1/MH064510.1,84
Garcinia gummi-gutta,Garcinia,Clusiaceae,Malpighiales,Angiosperms,PRJNA628231,0.156202,36.1589,chloroplast,NC_047250.1/MN746309.1,83
Genlisea aurea,Genlisea,Lentibulariaceae,Lamiales,Angiosperms,PRJNA438327,0.14001,38.4615,chloroplast,NC_037078.1/MF593121.1,76
Ginkgo biloba,Ginkgo,Ginkgoaceae,Ginkgoales,Gymnosperms,PRJNA89731,0.156988,39.5616,chloroplast,NC_016986.1/JN867585.1,84
Gisekia pharnaceoides,Gisekia,Gisekiaceae,Caryophyllales,Angiosperms,PRJNA529155,0.154596,36.7797,plastid,NC_041296.1/MK397870.1,85
Gnetum gnemon,Gnetum,Gnetaceae,Gnetales,Gymnosperms,PRJNA274089,0.115022,38.1536,plastid,NC_026301.1/KP099649.1,66
Gonocaryum lobbianum,Gonocaryum,Cardiopteridaceae,Aquifoliales,Angiosperms,PRJNA532093,0.158905,37.3424,chloroplast,NC_041492.1/MK390345.1,84
Grubbia rosmarinifolia,Grubbia,Grubbiaceae,Cornales,Angiosperms,PRJNA573343,0.155612,37.6995,chloroplast,NC_044845.1/MN380706.1,85
Gymnomitrion concinnatum,Gymnomitrion,Gymnomitriaceae,Undeter_peristomate_moss,Bryophytes,PRJNA509841,0.120994,34.5149,chloroplast,NC_040133.1/MH705066.1,87
Halophytum ameghinoi,Halophytum,Halophytaceae,Caryophyllales,Angiosperms,PRJNA524541,0.118334,36.3632,plastid,NC_040949.1/MK397922.1,72
Hanguana malayana,Hanguana,Hanguanaceae,Commelinales,Angiosperms,PRJNA319072,0.163231,36.5476,plastid,NC_029962.1/KT312930.1,86
Haplocladium microphyllum,Haplocladium,Thuidiaceae,Undeter_peristomate_moss,Bryophytes,PRJNA672375,0.124478,28.9569,chloroplast,NC_050974.1/MT385397.1,82
Haplomitrium blumei,Haplomitrium,Haplomitriaceae,Undetermined_liverwort_order,Bryophytes,PRJNA553914,0.128728,44.3921,chloroplast,NC_043789.1/MH064516.1,82
Helianthemum songaricum,Helianthemum,Cistaceae,Malvales,Angiosperms,PRJNA707690,0.152116,36.5905,chloroplast,NC_053644.1/MK776534.1,81
Helicia shweliensis,Helicia,Proteaceae,Proteales,Angiosperms,PRJNA608376,0.157151,38.113,chloroplast,NC_045942.1/MK962317.1,86
Heliconia collinsiana,Heliconia,Heliconiaceae,Zingiberales,Angiosperms,PRJNA190145,0.161907,37.3467,plastid,NC_020362.1/JX088660.1,85
Heloniopsis tubiflora,Heloniopsis,Melanthiaceae,Liliales,Angiosperms,PRJNA285573,0.158229,37.4963,chloroplast,NC_027159.1/KM078036.1,87
Helwingia himalaica,Helwingia,Helwingiaceae,Aquifoliales,Angiosperms,PRJNA348018,0.158362,37.6921,chloroplast,NC_031370.1/KX434807.1,92
Heteroscyphus argutus,Heteroscyphus,Geocalycaceae,Undeter_peristomate_moss,Bryophytes,PRJNA553884,0.118095,33.9405,chloroplast,NC_043788.1/MH064515.1,82
Histiopteris incisa,Histiopteris,Dennstaedtiaceae,Polypodiales,Pteridophytes,PRJNA514751,0.160567,43.0144,chloroplast,NC_040220.1/MH319942.1,88
Hololachna songarica,Hololachna,Tamaricaceae,Caryophyllales,Angiosperms,PRJNA529134,0.155596,36.8332,plastid,NC_041273.1/MK397892.1,85
Horsfieldia pandurifolia,Horsfieldia,Myristicaceae,Magnoliales,Angiosperms,PRJNA541694,0.155695,39.2119,plastid,NC_042225.1/MH445411.1,84
Houttuynia cordata,Houttuynia,Saururaceae,Piperales,Angiosperms,PRJNA628415,0.160228,38.3635,chloroplast,NC_047437.1/MN413197.1,85
Hydnocarpus hainanensis,Hydnocarpus,Achariaceae,Malpighiales,Angiosperms,PRJNA550962,0.16333,36.3289,chloroplast,NC_042720.1/MH708163.1,83
Hydrocera triflora,Hydrocera,Balsaminaceae,Ericales,Angiosperms,PRJNA453240,0.154189,36.8963,chloroplast,NC_037400.1/MG162585.1,89
Hydrostachys goudotiana,Hydrostachys,Hydrostachyaceae,Cornales,Angiosperms,PRJNA573336,0.156122,34.3795,chloroplast,NC_044800.1/MN380647.1,85
Hymenophyllum holochilum,Hymenophyllum,Hymenophyllaceae,Hymenophyllales,Pteridophytes,PRJNA504201,0.142214,37.561,chloroplast,NC_039753.1/MH265124.1,86
Ilex asprella,Ilex,Aquifoliaceae,Aquifoliales,Angiosperms,PRJNA595221,0.157856,37.6185,chloroplast,NC_045274.1/MK834323.1,94
Illicium anisatum,Illicium,Schisandraceae,Austrobaileyales,Angiosperms,PRJNA387983,0.142723,39.1696,plastid,NC_034703.1/,80
Iodes cirrhosa,Iodes,Icacinaceae,Icacinales,Angiosperms,PRJNA418536,0.151994,37.4396,chloroplast,NC_036304.1/MF574684.1,89
Isoetes butleri,Isoetes,Isoëtaceae,Lycopodiales,Pteridophytes,PRJNA483630,0.144912,38.0217,chloroplast,NC_038071.1/MG668891.1,84
Itea chinensis,Itea,Iteaceae,Saxifragales,Angiosperms,PRJNA479327,0.160258,37.0815,chloroplast,NC_037884.1/MH191391.1,88
Japonolirion osense,Japonolirion,Petrosaviaceae,Petrosaviales,Angiosperms,PRJNA415448,0.15802,38.1559,plastid,NC_036154.1/LN896357.1,87
Joinvillea ascendens,Joinvillea,Joinvilleaceae,Poales,Angiosperms,PRJNA348040,0.149327,38.105,chloroplast,NC_031427.1/KX035098.1,78
Kandelia obovata,Kandelia,Rhizophoraceae,Malpighiales,Angiosperms,PRJNA550876,0.160325,35.2284,chloroplast,NC_042718.1/MH277332.1,80
Klainedoxa gabonensis,Klainedoxa,Irvingiaceae,Malpighiales,Angiosperms,PRJNA563445,0.160118,35.2727,plastid,NC_044475.1/MK814480.1,84
Lancea hirsuta,Lancea,Phrymaceae,Lamiales,Angiosperms,PRJNA453250,0.154045,37.8487,chloroplast,NC_037506.1/MG551489.1,83
Lapageria rosea,Lapageria,Philesiaceae,Liliales,Angiosperms,PRJNA642474,0.160054,37.5436,plastid,NC_049017.1/MT261158.1,84
Larrea tridentata,Larrea,Zygophyllaceae,Zygophyllales,Angiosperms,PRJNA298177,0.136194,35.0926,chloroplast,NC_028023.1/KT272174.1,81
Lindsaea linearis,Lindsaea,Lindsaeaceae,Polypodiales,Pteridophytes,PRJNA573208,0.149256,39.8383,chloroplast,NC_044681.1/MK705751.1,88
Linum usitatissimum,Linum,Linaceae,Malpighiales,Angiosperms,PRJNA420526,0.156721,37.471,chloroplast,NC_036356.1/KY849971.1,83
Liriodendron chinense,Liriodendron,Magnoliaceae,Magnoliales,Angiosperms,PRJNA328736,0.159429,39.1566,chloroplast,NC_030504.1/KU170538.1,86
Lomariopsis japurensis,Lomariopsis,Lomariopsidaceae,Polypodiales-Eupolypod,I,PRJNA573229,0.153641,41.3099,chloroplast,NC_044682.1/MK705752.1,89
Lophiocarpus tenuissimus,Lophiocarpus,Lophiocarpaceae,Caryophyllales,Angiosperms,PRJNA524565,0.127984,35.3443,plastid,NC_040951.1/MK397925.1,77
Lophopyxis maingayi,Lophopyxis,Lophopyxidaceae,Malpighiales,Angiosperms,PRJNA665914,0.119741,35.9969,plastid,NC_050684.1/MN504795.1,76
Lygodium japonicum,Lygodium,Lygodiaceae,Schizaeales,Pteridophytes,PRJNA217269,0.15726,40.6422,chloroplast,NC_022136.1/KC536645.1,90
Macarthuria keigheryi,Macarthuria,Limeaceae,Caryophyllales,Angiosperms,PRJNA524568,0.130003,35.4407,plastid,NC_040952.1/MK397926.1,77
Marathrum foeniculaceum,Marathrum,Podostemaceae,Malpighiales,Angiosperms,PRJNA642549,0.1316,35.1125,plastid,NC_049108.1/MK995178.1,81
Marcgravia coriacea,Marcgravia,Marcgraviaceae,Ericales,Angiosperms,PRJNA528068,0.158401,36.6917,plastid,NC_041255.1/MK397872.1,85
Marsilea crenata,Marsilea,Marsileaceae,Marsileales,Pteridophytes,PRJNA217254,0.151628,42.2171,chloroplast,NC_022137.1/KC536646.1,89
Matteuccia struthiopteris,Matteuccia,Onocleaceae,Eupolypod,II,PRJNA407147,0.151003,44.2607,chloroplast,NC_035859.1/KY427353.1,88
Meliosma aff. cuneifolia Moore 333,Meliosma,Sabiaceae,Proteales,Angiosperms,PRJNA313672,0.160357,38.3912,chloroplast,NC_029430.1/KU204901.1,85
Menispermum canadense,Menispermum,Menispermaceae,Ranunculales,Angiosperms,PRJNA636424,0.158624,38.0825,chloroplast,NC_048451.1/MH298221.1,85
Menyanthes trifoliata,Menyanthes,Menyanthaceae,Asterales,Angiosperms,PRJNA532136,0.154313,37.8789,chloroplast,NC_041436.1/MH201540.1,88
Mesembryanthemum cordifolium,Mesembryanthemum,Aizoaceae,Caryophyllales,Angiosperms,PRJNA529164,0.153722,37.0786,plastid,NC_041280.1/MK397873.1,85
Mesua ferrea,Mesua,Calophyllaceae,Malpighiales,Angiosperms,PRJNA642621,0.161494,36.4144,plastid,NC_049111.1/MK995181.1,85
Microtea debilis,Microtea,Phytolaccaceae,Caryophyllales,Angiosperms,PRJNA529140,0.1557,36.7592,plastid,NC_041268.1/MK397874.1,84
Mitrasacme pygmaea,Mitrasacme,Loganiaceae,Gentianales,Angiosperms,PRJNA672516,0.152611,37.9298,chloroplast,NC_050922.1/MT330399.1,87
Mnium marginatum,Mnium,Mniaceae,Undeter_peristomate_moss,Bryophytes,PRJNA717604,0.124935,29.926,chloroplast,NC_054293.1/MT897999.1,83
Mollugo verticillata,Mollugo,Molluginaceae,Caryophyllales,Angiosperms,PRJNA529150,0.154305,37.0208,plastid,NC_041298.1/MK397876.1,85
Montia fontana,Montia,Montiaceae,Caryophyllales,Angiosperms,PRJNA529168,0.15353,36.9791,plastid,NC_041269.1/MK397877.1,85
Morella cerifera,Morella,Myricaceae,Fagales,Angiosperms,PRJNA672573,0.158943,36.1733,chloroplast,NC_050831.1/MT872488.1,79
Moringa oleifera,Moringa,Moringaceae,Brassicales,Angiosperms,PRJNA532154,0.1606,36.7796,chloroplast,NC_041432.1/MH939149.1,85
Musa balbisiana,Musa,Musaceae,Zingiberales,Angiosperms,PRJNA302548,0.169503,36.7616,chloroplast,NC_028439.1/KT595228.1,89
Myriophyllum aquaticum,Myriophyllum,Haloragaceae,Saxifragales,Angiosperms,PRJNA640629,0.160465,36.4833,chloroplast,NC_048889.1/MT375030.1,84
Myurella julacea,Myurella,Theliaceae,Undeter_peristomate_moss,Bryophytes,PRJNA703114,0.124457,28.8758,chloroplast,NC_053275.1/MT809490.1,82
Myuroclada maximowiczii,Myuroclada,Brachytheciaceae,Undeter_peristomate_moss,Bryophytes,PRJNA700162,0.124607,30.1243,chloroplast,NC_052723.1/MT726030.1,82
Nelumbo lutea,Nelumbo,Nelumbonaceae,Proteales,Angiosperms,PRJNA67545,0.163206,38.0109,chloroplast,NC_015605.1/FJ754269.1,85
Nepenthes khasiana,Nepenthes,Nepenthaceae,Caryophyllales,Angiosperms,PRJNA680098,0.156914,37.0082,chloroplast,NC_051455.1/MH923233.1,86
Nephrolepis biserrata,Nephrolepis,Nephrolepidaceae,Polypodiales-Eupolypod,I,PRJNA573226,0.149643,38.6346,chloroplast,NC_044683.1/MK705753.1,89
Oleandra articulata,Oleandra,Oleandraceae,Polypodiales-Eupolypod,I,PRJNA573217,0.163068,41.6053,chloroplast,NC_044684.1/MK705754.1,89
Orthotrichum obtusifolium,Orthotrichum,Orthotrichaceae,Undeter_peristomate_moss,Bryophytes,PRJNA283056,0.122895,28.4495,chloroplast,NC_026979.1/KP765733.1,81
Osmundastrum cinnamomeum,Osmundastrum,Osmundaceae,Osmundales,Pteridophytes,PRJNA248842,0.142812,40.2305,chloroplast,NC_024157.1/KF225592.1,84
Paeonia brownii,Paeonia,Paeoniaceae,Saxifragales,Angiosperms,PRJNA479182,0.152228,38.5468,chloroplast,NC_037880.1/MH191385.1,83
Pandanus tectorius,Pandanus,Pandanaceae,Pandanales,Angiosperms,PRJNA550917,0.159362,37.5717,chloroplast,NC_042747.1/MH748568.1,82
Pennantia cunninghamii,Pennantia,Pennantiaceae,Apiales,Angiosperms,PRJNA648202,0.158129,38.2536,chloroplast,NC_049885.1/MT385077.1,85
Pentadiplandra brazzeana,Pentadiplandra,Pentadiplandraceae,Brassicales,Angiosperms,PRJNA573219,0.156625,36.3486,chloroplast,NC_044667.1/MN306574.1,85
Penthorum chinense,Penthorum,Penthoraceae,Saxifragales,Angiosperms,PRJNA232236,0.156686,37.2771,chloroplast,NC_023086.1/JX436155.1,82
Petermannia cirrosa,Petermannia,Petermanniaceae,Liliales,Angiosperms,PRJNA642448,0.156852,37.9817,plastid,NC_049019.1/MT261165.1,85
Philydrum lanuginosum,Philydrum,Philydraceae,Commelinales,Angiosperms,PRJNA495573,0.159531,37.1501,plastid,NC_039424.1/MH550470.1,85
Physcomitrium patens,Physcomitrium,Funariaceae,Undeter_peristomate_moss,Bryophytes,PRJNA28131,0.12289,28.5296,chloroplast,Pltd:NC_005087.1/,85
Physena madagascariensis,Physena,Physenaceae,Caryophyllales,Angiosperms,PRJNA528050,0.129627,36.9946,plastid,NC_041263.1/MK397883.1,76
Pilostyles aethiopica,Pilostyles,Apodanthaceae,Cucurbitales,Angiosperms,PRJNA311877,0.011348,24.2333,plastid,NC_029235.1/KT981955.1,3
Piper auritum,Piper,Piperaceae,Piperales,Angiosperms,PRJNA387982,0.159909,38.3118,plastid,NC_034697.1/,85
Pittosporum kerrii,Pittosporum,Pittosporaceae,Apiales,Angiosperms,PRJNA624392,0.153581,38.2606,chloroplast,NC_046847.1/MN539266.1,85
Plagiochila chinensis,Plagiochila,Plagiochilaceae,Undetermined_liverwort_order,Bryophytes,PRJNA553920,0.117699,33.5755,chloroplast,NC_043784.1/MH064511.1,81
Plagiogyria euphlebia,Plagiogyria,Plagiogyriaceae,Cyatheales,Pteridophytes,PRJNA624382,0.161046,43.4733,chloroplast,NC_046784.1/MN027504.1,89
Platanus occidentalis,Platanus,Platanaceae,Proteales,Angiosperms,PRJNA17645,0.161791,38.0318,chloroplast,NC_008335.1/DQ923116.1,85
Pohlia nutans M211,Pohlia,Bryaceae,Undeter_peristomate_moss,Bryophytes,PRJNA608367,0.125199,29.4619,chloroplast,NC_045869.1/MN937553.1,80
Polemonium chinense,Polemonium,Polemoniaceae,Ericales,Angiosperms,PRJNA661941,0.155578,37.1299,chloroplast,NC_050355.1/MN057953.1,89
Pontederia cordata,Pontederia,Pontederiaceae,Commelinales,Angiosperms,PRJNA576420,0.162234,36.215,chloroplast,NC_044968.1/MK204378.1,85
Porella perrottetiana,Porella,Porellaceae,Undetermined_liverwort_order,Bryophytes,PRJNA553893,0.121806,33.5591,chloroplast,NC_043780.1/MH064507.1,84
Potamogeton perfoliatus,Potamogeton,Potamogetonaceae,Alismatales,Angiosperms,PRJNA317879,0.156226,36.4562,plastid,NC_029814.1/KT899951.1,85
Psilotum nudum,Psilotum,Psilotaceae,Ophioglossales,Pteridophytes,PRJNA12235,0.138829,36.0314,chloroplast,NC_003386.1/AP004638.1,101
Ptilidium pulcherrimum,Ptilidium,Ptilidiaceae,Undetermined_liverwort_order,Bryophytes,PRJNA66175,0.119007,33.2258,chloroplast,NC_015402.1/HM222519.1,80
Quillaja saponaria,Quillaja,Quillajaceae,Fabales,Angiosperms,PRJNA628351,0.160392,36.6303,plastid,NC_047356.1/MN709839.1,83
Quintinia verdonii,Quintinia,Paracryphiaceae,Paracryphiales,Angiosperms,PRJNA529144,0.157371,38.2091,plastid,NC_041281.1/MK397891.1,84
Radula japonica,Radula,Radulaceae,Undetermined_liverwort_order,Bryophytes,PRJNA553879,0.117444,30.4605,chloroplast,NC_043781.1/MH064508.1,82
Ravenala madagascariensis,Ravenala,Strelitziaceae,Zingiberales,Angiosperms,PRJNA230081,0.16617,37.3286,plastid,NC_022927.1/KF601568.1,83
Reboulia hemisphaerica,Reboulia,Aytoniaceae,Undetermined_liverwort_order,Bryophytes,PRJNA546353,0.122596,28.7987,chloroplast,NC_042418.1/MK477551.1,87
Rhabdodendron amazonicum,Rhabdodendron,Rhabdodendraceae,Caryophyllales,Angiosperms,PRJNA524588,0.167847,35.5389,plastid,NC_040938.1/MK397928.1,83
Rhachidosorus consimilis,Rhachidosorus,Rhachidosoraceae,Polypodiales-Eupolypod,II,PRJNA407155,0.152642,43.4664,chloroplast,NC_035862.1/KY427356.1,88
Riccia fluitans,Riccia,Ricciaceae,Undetermined_liverwort_order,Bryophytes,PRJNA550934,0.121682,28.9509,chloroplast,NC_042887.1/MK645896.1,86
Ruppia brevipedunculata,Ruppia,Ruppiaceae,Alismatales,Angiosperms,PRJNA684260,0.158943,35.7946,chloroplast,NC_051974.1/MN736637.1,87
Saccoloma inaequale,Saccoloma,Saccolomataceae,Polypodiales,Pteridophytes,PRJNA573236,0.172311,42.457,chloroplast,NC_044686.1/MK705756.1,89
Sarcobatus vermiculatus,Sarcobatus,Sarcobataceae,Caryophyllales,Angiosperms,PRJNA524598,0.152763,36.1684,plastid,NC_040932.1/MK397895.1,85
Scaevola taccada,Scaevola,Goodeniaceae,Asterales,Angiosperms,PRJNA524618,0.179105,37.2245,plastid,NC_040933.1/MK397896.1,85
Schistochila macrodonta,Schistochila,Schistochilaceae,Undetermined_liverwort_order,Bryophytes,PRJNA553919,0.119965,32.1269,chloroplast,NC_043779.1/MH064506.1,81
Schizaea elegans,Schizaea,Schizaeaceae,Schizaeales,Pteridophytes,PRJNA407163,0.156603,43.2961,chloroplast,NC_035807.1/KX258660.1,83
Schoepfia jasminodora,Schoepfia,Schoepfiaceae,Santalales,Angiosperms,PRJNA381659,0.118743,38.1269,chloroplast,NC_034228.1/KX775962.1,72
Sciadopitys verticillata,Sciadopitys,Sciadopityaceae,Pinales,Gymnosperms,PRJNA316282,0.138284,35.4206,chloroplast,NC_029734.1/KT601210.1,82
Sciaphila densiflora,Sciaphila,Triuridaceae,Pandanales,Angiosperms,PRJNA291238,0.021485,39.9209,chloroplast,NC_027659.1/KR902497.1,18
Selaginella bisulcata,Selaginella,Selaginellaceae,Lycopodiales,Pteridophytes,PRJNA532031,0.140509,52.7746,chloroplast,NC_041640.1/MH598531.1,62
Sesamum indicum,Sesamum,Pedaliaceae,Lamiales,Angiosperms,PRJNA268358,0.153324,38.2034,chloroplast,Pltd:NC_016433.2/,87
Silvianthus bracteatus,Silvianthus,Carlemanniaceae,Lamiales,Angiosperms,PRJNA628332,0.155125,37.9191,chloroplast,NC_047484.1/MN908147.1,86
Simmondsia chinensis,Simmondsia,Simmondsiaceae,Caryophyllales,Angiosperms,PRJNA524548,0.151737,36.8124,plastid,NC_040935.1/MK397898.1,76
Sladenia celastrifolia,Sladenia,Sladeniaceae,Ericales,Angiosperms,PRJNA400926,0.161319,36.8512,plastid,NC_035707.1/MF179494.1,87
Smilax china,Smilax,Smilacaceae,Liliales,Angiosperms,PRJNA642463,0.158543,37.0732,plastid,NC_049022.1/MT261168.1,85
Sparganium stoloniferum,Sparganium,Typhaceae,Poales,Angiosperms,PRJNA573136,0.161759,36.8666,chloroplast,NC_044634.1/MK460210.1,86
Sphagnum palustre,Sphagnum,Sphagnaceae,Sphagnopsid_moss,Bryophytes,PRJNA322156,0.14004,36.8738,chloroplast,NC_030198.1/KU726621.1,84
Stegnosperma cubense,Stegnosperma,Stegnospermataceae,Caryophyllales,Angiosperms,PRJNA524608,0.155272,36.722,plastid,NC_040942.1/MK397899.1,82
Symplocos costaricana,Symplocos,Symplocaceae,Ericales,Angiosperms,PRJNA400978,0.157095,37.5435,plastid,NC_035708.2/MF179496.2,87
Syntrichia filaris,Syntrichia,Pottiaceae,Undeter_peristomate_moss,Bryophytes,PRJNA661849,0.136227,28.2506,chloroplast,NC_050352.1/MK852705.1,85
Takakia lepidozioides,Takakia,Takakiaceae,Andreaeopsid_moss,Bryophytes,PRJNA306313,0.149016,37.0678,chloroplast,NC_028738.1/AP014702.1,61
Talinum paniculatum,Talinum,Talinaceae,Caryophyllales,Angiosperms,PRJNA479317,0.156929,36.7892,chloroplast,NC_037748.1/MG710385.1,83
Tapiscia sinensis,Tapiscia,Tapisciaceae,Huerteales,Angiosperms,PRJNA435290,0.1611,37.18,chloroplast,NC_036960.1/MF926267.1,85
Tectaria panamensis,Tectaria,Tectariaceae,Polypodiales-Eupolypod,I,PRJNA573156,0.158656,43.0151,chloroplast,NC_044687.1/MK705757.1,89
Tetracentron sinense,Tetracentron,Trochodendraceae,Trochodendrales,Angiosperms,PRJNA625382,0.164449,38.1498,chloroplast,Pltd:CM026582.1,24
Tetraphis pellucida,Tetraphis,Tetraphidaceae,Undeter_peristomate_moss,Bryophytes,PRJNA252478,0.127489,29.3916,chloroplast,NC_024291.1/KJ817846.1,82
Tofieldia thibetica,Tofieldia,Tofieldiaceae,Alismatales,Angiosperms,PRJNA317880,0.155512,37.4447,plastid,NC_029813.1/KT899950.1,85
Torenia benthamiana,Torenia,Linderniaceae,Lamiales,Angiosperms,PRJNA595195,0.153526,37.6275,chloroplast,NC_045273.1/MK789686.1,87
Torricellia angulata,Torricellia,Torricelliaceae,Apiales,Angiosperms,PRJNA350018,0.151336,36.9925,chloroplast,NC_031509.1/KX648359.1,86
Trithuria inconspicua,Trithuria,Hydatellaceae,Nymphaeales,Angiosperms,PRJNA190128,0.165389,39.5607,chloroplast,NC_020372.1/HE963749.1,94
Tropaeolum pentaphyllum,Tropaeolum,Tropaeolaceae,Brassicales,Angiosperms,PRJNA672415,0.152954,37.3295,chloroplast,NC_050975.1/MT210235.1,85
Viola mirabilis,Viola,Violaceae,Malpighiales,Angiosperms,PRJNA532155,0.158162,36.2198,chloroplast,NC_041582.1/MH229816.1,82
Viviania marifolia,Viviania,Vivianiaceae,Geraniales,Angiosperms,PRJNA232891,0.157291,37.6633,chloroplast,NC_023259.1/KF240615.1,86
Welwitschia mirabilis,Welwitschia,Welwitschiaceae,Gnetales,Gymnosperms,PRJNA29587,0.119726,36.7255,chloroplast,NC_010654.1/EU342371.1,70
Wiesnerella denudata,Wiesnerella,Wiesnerellaceae,Undetermined_liverwort_order,Bryophytes,PRJNA707929,0.1225,28.8098,chloroplast,MT712073.1,88
Woodsia macrochlaena,Woodsia,Woodsiaceae,Eupolypod,II,PRJNA407195,0.150987,42.7348,chloroplast,NC_035864.1/KY427358.1,88
Woodwardia japonica,Woodwardia,Blechnaceae,Eupolypod,II,PRJNA661815,0.153224,43.1786,chloroplast,NC_050356.1/MN587871.1,88
Xerophyta viscosa,Xerophyta,Velloziaceae,Pandanales,Angiosperms,PRJNA555948,0.155498,37.5548,chloroplast,NC_043880.1/MK279914.1,85
Zostera marina,Zostera,Zosteraceae,Alismatales,Angiosperms,PRJNA413494,0.143877,35.4567,chloroplast,NC_036014.1/MF370229.1,78